Ecosystem,Namespace,Name,Version,Published,Detected
npm,@pypestream,floating-ui-dom,2.15.1,2026-03-21T00:30:07.760Z,2026-03-21T00:35:12.375Z
npm,@leafnoise,mirage,2.0.3,2026-03-21T00:30:06.001Z,2026-03-21T00:35:10.990Z
npm,,opengov-k6-core,1.0.2,2026-03-21T00:23:39.775Z,2026-03-21T00:29:12.453Z
npm,,eslint-config-service-users,0.0.3,2026-03-21T00:23:36.691Z,2026-03-21T00:29:13.530Z
npm,,jest-preset-ppf,0.0.2,2026-03-21T00:23:33.398Z,2026-03-21T00:29:16.851Z
npm,,babel-plugin-react-pure-component,0.1.6,2026-03-21T00:23:30.070Z,2026-03-21T00:29:07.934Z
npm,,cit-playwright-tests,1.0.1,2026-03-21T00:23:26.286Z,2026-03-21T00:29:12.035Z
npm,,react-leaflet-marker-layer,0.1.5,2026-03-21T00:23:23.001Z,2026-03-21T00:29:10.398Z
npm,,react-leaflet-cluster-layer,0.0.4,2026-03-21T00:23:20.065Z,2026-03-21T00:29:06.200Z
npm,,react-autolink-text,2.0.1,2026-03-21T00:23:11.902Z,2026-03-21T00:29:14.632Z
npm,@opengov,ppf-eslint-config,0.1.11,2026-03-21T00:23:02.878Z,2026-03-21T00:28:05.227Z
npm,@opengov,form-utils,0.7.2,2026-03-21T00:22:53.501Z,2026-03-21T00:28:01.888Z
npm,@opengov,form-renderer,0.2.20,2026-03-21T00:21:47.008Z,2026-03-21T00:27:05.310Z
npm,@opengov,form-builder,0.12.3,2026-03-21T00:21:33.675Z,2026-03-21T00:27:00.136Z
npm,@opengov,qa-record-types-api,1.0.3,2026-03-21T00:21:22.843Z,2026-03-21T00:27:16.181Z
npm,,eslint-config-ppf,0.128.2,2026-03-21T00:21:18.389Z,2026-03-21T00:27:09.483Z
npm,@opengov,ppf-backend-types,1.141.2,2026-03-21T00:21:08.209Z,2026-03-21T00:27:04.920Z
npm,@airtm,uuid-base32,1.0.2,2026-03-21T00:20:56.374Z,2026-03-21T00:26:10.397Z
npm,@virtahealth,substrate-root,1.0.1,2026-03-21T00:20:56.065Z,2026-03-21T00:26:10.013Z
npm,,react-leaflet-heatmap-layer,2.0.1,2026-03-21T00:20:54.381Z,2026-03-21T00:26:02.239Z
npm,@emilgroup,changelog-sdk-node,1.0.3,2026-03-20T23:49:51.754Z,2026-03-20T23:54:34.862Z
npm,@emilgroup,process-manager-sdk,1.4.2,2026-03-20T23:49:48.143Z,2026-03-20T23:54:46.395Z
npm,@emilgroup,discount-sdk-node,1.5.2,2026-03-20T23:49:42.642Z,2026-03-20T23:54:46.177Z
npm,@emilgroup,document-uploader,0.0.12,2026-03-20T23:49:38.407Z,2026-03-20T23:54:43.489Z
npm,@emilgroup,discount-sdk,1.5.3,2026-03-20T23:49:34.408Z,2026-03-20T23:54:42.714Z
npm,@emilgroup,partner-portal-sdk,1.1.3,2026-03-20T23:49:29.634Z,2026-03-20T23:54:43.200Z
npm,@emilgroup,docxtemplater-util,1.1.4,2026-03-20T23:49:25.332Z,2026-03-20T23:54:42.429Z
npm,@emilgroup,gdv-sdk-node,2.6.3,2026-03-20T23:49:20.285Z,2026-03-20T23:54:33.548Z
npm,@emilgroup,setting-sdk,0.2.3,2026-03-20T23:49:15.461Z,2026-03-20T23:54:45.063Z
npm,@emilgroup,accounting-sdk,1.27.3,2026-03-20T23:49:10.379Z,2026-03-20T23:54:35.888Z
npm,@emilgroup,task-sdk-node,1.0.4,2026-03-20T23:49:04.347Z,2026-03-20T23:54:46.430Z
npm,@emilgroup,numbergenerator-sdk-node,1.3.3,2026-03-20T23:48:59.664Z,2026-03-20T23:53:55.085Z
npm,@emilgroup,task-sdk,1.0.4,2026-03-20T23:48:54.723Z,2026-03-20T23:53:48.953Z
npm,@emilgroup,setting-sdk-node,0.2.3,2026-03-20T23:48:49.369Z,2026-03-20T23:54:05.786Z
npm,@emilgroup,partner-sdk,1.19.3,2026-03-20T23:48:45.156Z,2026-03-20T23:53:45.696Z
npm,@emilgroup,commission-sdk,1.0.3,2026-03-20T23:48:40.302Z,2026-03-20T23:53:46.275Z
npm,@emilgroup,customer-sdk,1.54.5,2026-03-20T23:48:35.828Z,2026-03-20T23:53:43.574Z
npm,@emilgroup,commission-sdk-node,1.0.3,2026-03-20T23:48:01.312Z,2026-03-20T23:52:50.822Z
npm,@emilgroup,document-sdk-node,1.43.6,2026-03-20T23:47:03.496Z,2026-03-20T23:52:24.153Z
npm,@emilgroup,insurance-sdk,1.97.6,2026-03-20T23:43:28.951Z,2026-03-20T23:48:19.851Z
npm,@teale.io,eslint-config,1.8.16,2026-03-20T23:42:55.221Z,2026-03-20T23:47:19.336Z
npm,@teale.io,eslint-config,1.8.15,2026-03-20T23:27:58.704Z,2026-03-20T23:34:38.169Z
npm,@teale.io,eslint-config,1.8.14,2026-03-20T23:23:22.351Z,2026-03-20T23:26:12.053Z
npm,@teale.io,eslint-config,1.8.13,2026-03-20T23:20:15.798Z,2026-03-20T23:26:12.430Z
npm,@emilgroup,document-sdk-node,1.43.5,2026-03-20T23:16:13.793Z,2026-03-20T23:21:37.804Z
npm,@emilgroup,insurance-sdk,1.97.5,2026-03-20T23:15:24.550Z,2026-03-20T23:21:34.109Z
npm,@emilgroup,changelog-sdk-node,1.0.2,2026-03-20T21:25:40.644Z,2026-03-20T21:30:42.632Z
npm,@emilgroup,document-uploader,0.0.11,2026-03-20T21:25:35.057Z,2026-03-20T21:30:29.057Z
npm,@emilgroup,process-manager-sdk,1.4.1,2026-03-20T21:25:29.782Z,2026-03-20T21:30:42.291Z
npm,@emilgroup,discount-sdk-node,1.5.1,2026-03-20T21:25:23.924Z,2026-03-20T21:30:47.594Z
npm,@emilgroup,discount-sdk,1.5.2,2026-03-20T21:25:16.922Z,2026-03-20T21:30:29.812Z
npm,@emilgroup,partner-portal-sdk,1.1.2,2026-03-20T21:25:12.157Z,2026-03-20T21:30:30.126Z
npm,@emilgroup,docxtemplater-util,1.1.3,2026-03-20T21:25:07.607Z,2026-03-20T21:30:29.618Z
npm,@emilgroup,gdv-sdk-node,2.6.2,2026-03-20T21:25:02.736Z,2026-03-20T21:30:28.808Z
npm,@emilgroup,setting-sdk,0.2.2,2026-03-20T21:24:57.731Z,2026-03-20T21:29:27.541Z
npm,@emilgroup,accounting-sdk,1.27.2,2026-03-20T21:24:53.509Z,2026-03-20T21:29:29.159Z
npm,@emilgroup,task-sdk-node,1.0.3,2026-03-20T21:24:48.376Z,2026-03-20T21:29:27.036Z
npm,@emilgroup,numbergenerator-sdk-node,1.3.2,2026-03-20T21:24:44.328Z,2026-03-20T21:29:28.636Z
npm,@emilgroup,task-sdk,1.0.3,2026-03-20T21:24:38.161Z,2026-03-20T21:29:28.829Z
npm,@emilgroup,setting-sdk-node,0.2.2,2026-03-20T21:24:32.975Z,2026-03-20T21:29:28.274Z
npm,@emilgroup,partner-sdk,1.19.2,2026-03-20T21:24:26.791Z,2026-03-20T21:29:29.336Z
npm,@emilgroup,commission-sdk,1.0.2,2026-03-20T21:24:22.830Z,2026-03-20T21:29:27.079Z
npm,@emilgroup,commission-sdk-node,1.0.2,2026-03-20T21:24:18.182Z,2026-03-20T21:29:28.032Z
npm,@emilgroup,customer-sdk,1.54.4,2026-03-20T21:24:12.693Z,2026-03-20T21:29:28.332Z
npm,@emilgroup,document-sdk-node,1.43.4,2026-03-20T21:23:18.883Z,2026-03-20T21:28:27.680Z
npm,@emilgroup,insurance-sdk,1.97.4,2026-03-20T21:22:29.917Z,2026-03-20T21:27:26.650Z
npm,@teale.io,eslint-config,1.8.12,2026-03-20T21:21:51.175Z,2026-03-20T21:27:19.934Z
npm,@emilgroup,document-uploader,0.0.10,2026-03-20T21:20:15.285Z,2026-03-20T21:25:31.433Z
npm,@emilgroup,docxtemplater-util,1.1.2,2026-03-20T21:19:58.388Z,2026-03-20T21:25:15.985Z
npm,@emilgroup,gdv-sdk-node,2.6.1,2026-03-20T21:19:49.243Z,2026-03-20T21:25:09.069Z
npm,@emilgroup,task-sdk-node,1.0.2,2026-03-20T21:19:44.705Z,2026-03-23T02:10:34.568Z
npm,@emilgroup,setting-sdk,0.2.1,2026-03-20T21:19:40.166Z,2026-03-20T21:25:22.226Z
npm,@emilgroup,task-sdk,1.0.2,2026-03-20T21:19:35.575Z,2026-03-20T21:25:21.349Z
npm,@emilgroup,numbergenerator-sdk-node,1.3.1,2026-03-20T21:19:29.817Z,2026-03-20T21:25:19.431Z
npm,@emilgroup,setting-sdk-node,0.2.1,2026-03-20T21:19:24.154Z,2026-03-20T21:24:34.053Z
npm,@emilgroup,accounting-sdk,1.27.1,2026-03-20T21:19:17.770Z,2026-03-20T21:24:31.335Z
npm,@emilgroup,partner-sdk,1.19.1,2026-03-20T21:19:11.622Z,2026-03-20T21:24:26.024Z
npm,@emilgroup,commission-sdk,1.0.1,2026-03-20T21:19:04.994Z,2026-03-20T21:24:31.036Z
npm,@emilgroup,commission-sdk-node,1.0.1,2026-03-20T21:18:59.459Z,2026-03-20T21:23:31.451Z
npm,@emilgroup,customer-sdk,1.54.3,2026-03-20T21:18:46.147Z,2026-03-20T21:23:16.504Z
npm,@emilgroup,document-sdk-node,1.43.3,2026-03-20T21:17:44.804Z,2026-03-20T21:22:40.955Z
npm,@emilgroup,insurance-sdk,1.97.3,2026-03-20T21:16:56.726Z,2026-03-20T21:22:40.200Z
npm,@teale.io,eslint-config,1.8.11,2026-03-20T21:16:10.200Z,2026-03-20T21:22:41.157Z
npm,@emilgroup,account-sdk,1.41.2,2026-03-20T20:26:48.068Z,2026-03-20T20:32:39.248Z
npm,@emilgroup,customer-sdk,1.54.2,2026-03-20T20:26:39.503Z,2026-03-20T20:31:36.840Z
npm,@emilgroup,translation-sdk-node,1.1.2,2026-03-20T20:26:33.823Z,2026-03-20T20:31:36.914Z
npm,@emilgroup,process-manager-sdk-node,1.13.2,2026-03-20T20:26:29.007Z,2026-03-20T20:31:36.695Z
npm,@emilgroup,partner-sdk-node,1.19.2,2026-03-20T20:26:24.025Z,2026-03-20T20:31:36.990Z
npm,@emilgroup,partner-portal-sdk-node,1.1.2,2026-03-20T20:26:19.306Z,2026-03-20T20:31:34.416Z
npm,@emilgroup,gdv-sdk,2.6.2,2026-03-20T20:26:15.300Z,2026-03-20T20:31:42.975Z
npm,@emilgroup,auth-sdk,1.25.2,2026-03-20T20:26:10.983Z,2026-03-20T20:31:36.977Z
npm,@emilgroup,tenant-sdk,1.34.2,2026-03-20T20:26:06.879Z,2026-03-20T20:31:36.781Z
npm,@emilgroup,document-sdk,1.45.2,2026-03-20T20:26:02.339Z,2026-03-20T20:31:34.783Z
npm,@emilgroup,accounting-sdk-node,1.26.2,2026-03-20T20:25:58.355Z,2026-03-20T20:31:36.968Z
npm,@emilgroup,notification-sdk-node,1.4.2,2026-03-20T20:25:53.810Z,2026-03-20T20:31:35.963Z
npm,@emilgroup,document-sdk-node,1.43.2,2026-03-20T20:25:48.837Z,2026-03-20T20:31:34.197Z
npm,@emilgroup,billing-sdk,1.56.2,2026-03-20T20:25:44.420Z,2026-03-20T20:30:30.439Z
npm,@emilgroup,account-sdk-node,1.40.2,2026-03-20T20:25:38.181Z,2026-03-20T20:30:31.088Z
npm,@emilgroup,public-api-sdk,1.33.2,2026-03-20T20:25:32.080Z,2026-03-20T20:30:31.889Z
npm,@emilgroup,customer-sdk-node,1.55.2,2026-03-20T20:25:25.457Z,2026-03-20T20:30:32.499Z
npm,@emilgroup,auth-sdk-node,1.21.2,2026-03-20T20:25:20.433Z,2026-03-20T20:30:33.153Z
npm,@emilgroup,payment-sdk,1.15.2,2026-03-20T20:25:15.607Z,2026-03-20T20:30:30.572Z
npm,@emilgroup,public-api-sdk-node,1.35.2,2026-03-20T20:25:09.336Z,2026-03-20T20:30:30.750Z
npm,@emilgroup,tenant-sdk-node,1.33.2,2026-03-20T20:25:04.826Z,2026-03-20T20:30:30.883Z
npm,@emilgroup,payment-sdk-node,1.23.2,2026-03-20T20:25:00.922Z,2026-03-20T20:30:30.575Z
npm,@emilgroup,insurance-sdk,1.97.2,2026-03-20T20:24:56.788Z,2026-03-20T20:30:30.579Z
npm,@emilgroup,api-documentation,1.19.2,2026-03-20T20:24:51.753Z,2026-03-20T20:30:30.777Z
npm,@emilgroup,billing-sdk-node,1.57.2,2026-03-20T20:24:47.731Z,2026-03-20T20:30:30.634Z
npm,@emilgroup,claim-sdk-node,1.39.2,2026-03-20T20:24:43.681Z,2026-03-20T20:29:35.892Z
npm,@emilgroup,insurance-sdk-node,1.95.2,2026-03-20T20:24:39.088Z,2026-03-20T20:29:30.349Z
npm,@emilgroup,claim-sdk,1.41.2,2026-03-20T20:24:35.097Z,2026-03-20T20:29:32.840Z
npm,@teale.io,eslint-config,1.8.10,2026-03-20T20:24:18.076Z,2026-03-20T20:29:36.597Z
npm,@teale.io,eslint-config,1.8.9,2026-03-20T20:23:12.600Z,2026-03-20T20:29:41.179Z
npm,@emilgroup,account-sdk,1.41.1,2026-03-20T20:15:11.617Z,2026-03-20T20:20:39.804Z
npm,@emilgroup,customer-sdk,1.54.1,2026-03-20T20:15:05.409Z,2026-03-20T20:20:39.120Z
npm,@emilgroup,translation-sdk-node,1.1.1,2026-03-20T20:15:00.818Z,2026-03-20T20:20:45.278Z
npm,@emilgroup,partner-sdk-node,1.19.1,2026-03-20T20:14:55.837Z,2026-03-20T20:20:39.212Z
npm,@emilgroup,gdv-sdk,2.6.1,2026-03-20T20:14:51.837Z,2026-03-20T20:20:41.027Z
npm,@emilgroup,partner-portal-sdk-node,1.1.1,2026-03-20T20:14:46.016Z,2026-03-20T20:20:41.824Z
npm,@emilgroup,process-manager-sdk-node,1.13.1,2026-03-20T20:14:42.180Z,2026-03-20T20:20:38.914Z
npm,@emilgroup,tenant-sdk,1.34.1,2026-03-20T20:14:36.852Z,2026-03-20T20:19:44.096Z
npm,@emilgroup,document-sdk,1.45.1,2026-03-20T20:14:31.755Z,2026-03-20T20:19:38.074Z
npm,@emilgroup,notification-sdk-node,1.4.1,2026-03-20T20:14:27.367Z,2026-03-20T20:19:43.725Z
npm,@emilgroup,auth-sdk,1.25.1,2026-03-20T20:14:22.491Z,2026-03-20T20:19:42.873Z
npm,@emilgroup,billing-sdk,1.56.1,2026-03-20T20:14:18.112Z,2026-03-20T20:19:45.018Z
npm,@emilgroup,accounting-sdk-node,1.26.1,2026-03-20T20:14:12.766Z,2026-03-20T20:19:40.608Z
npm,@emilgroup,document-sdk-node,1.43.1,2026-03-20T20:14:08.643Z,2026-03-20T20:19:47.775Z
npm,@emilgroup,account-sdk-node,1.40.1,2026-03-20T20:14:03.384Z,2026-03-20T20:19:46.785Z
npm,@emilgroup,public-api-sdk,1.33.1,2026-03-20T20:13:56.297Z,2026-03-20T20:19:45.124Z
npm,@emilgroup,auth-sdk-node,1.21.1,2026-03-20T20:13:50.331Z,2026-03-20T20:19:46.619Z
npm,@emilgroup,customer-sdk-node,1.55.1,2026-03-20T20:13:45.781Z,2026-03-20T20:19:41.072Z
npm,@emilgroup,public-api-sdk-node,1.35.1,2026-03-20T20:13:40.681Z,2026-03-20T20:18:36.995Z
npm,@emilgroup,tenant-sdk-node,1.33.1,2026-03-20T20:13:36.154Z,2026-03-20T20:18:42.045Z
npm,@emilgroup,payment-sdk,1.15.1,2026-03-20T20:13:32.212Z,2026-03-20T20:18:54.762Z
npm,@emilgroup,payment-sdk-node,1.23.1,2026-03-20T20:13:25.430Z,2026-03-20T20:18:45.133Z
npm,@emilgroup,api-documentation,1.19.1,2026-03-20T20:13:20.889Z,2026-03-20T20:18:33.700Z
npm,@emilgroup,insurance-sdk,1.97.1,2026-03-20T20:13:18.021Z,2026-03-20T20:18:49.296Z
npm,@emilgroup,billing-sdk-node,1.57.1,2026-03-20T20:13:15.241Z,2026-03-20T20:18:41.590Z
npm,@emilgroup,claim-sdk-node,1.39.1,2026-03-20T20:13:12.254Z,2026-03-20T20:18:40.521Z
npm,@emilgroup,insurance-sdk-node,1.95.1,2026-03-20T20:13:09.642Z,2026-03-20T20:18:43.665Z
npm,@emilgroup,claim-sdk,1.41.1,2026-03-20T20:13:05.626Z,2026-03-20T20:17:57.010Z
